{
    "$schema": "https://schema.management.azure.com/schemas/2015-01-01/deploymentTemplate.json#",
    "contentVersion": "1.0.0.0",
    "parameters": {
        "frontdoors_myLoginViewFrontend_name": {
            "defaultValue": "myLoginViewFrontend",
            "type": "String"
        }
    },
    "variables": {},
    "resources": [
        {
            "type": "Microsoft.Network/frontdoors",
            "apiVersion": "2020-05-01",
            "name": "[parameters('frontdoors_myLoginViewFrontend_name')]",
            "location": "Global",
            "properties": {
                "resourceState": "Enabled",
                "backendPools": [
                    {
                        "id": "[concat(resourceId('Microsoft.Network/frontdoors', parameters('frontdoors_myLoginViewFrontend_name')), '/BackendPools/myLoginViewBackendPool')]",
                        "name": "myLoginViewBackendPool",
                        "properties": {
                            "backends": [
                                {
                                    "address": "myLoginViewService1.azurewebsites.net",
                                    "httpPort": 80,
                                    "httpsPort": 443,
                                    "priority": 1,
                                    "weight": 50,
                                    "backendHostHeader": "myLoginViewService1.azurewebsites.net",
                                    "enabledState": "Enabled"
                                },
                                {
                                    "address": "myLoginViewService2.azurewebsites.net",
                                    "httpPort": 80,
                                    "httpsPort": 443,
                                    "priority": 1,
                                    "weight": 50,
                                    "backendHostHeader": "myLoginViewService2.azurewebsites.net",
                                    "enabledState": "Enabled"
                                }
                            ],
                            "healthProbeSettings": {
                                "id": "[concat(resourceId('Microsoft.Network/frontdoors', parameters('frontdoors_myLoginViewFrontend_name')), '/healthProbeSettings/healthProbeSettings-1597452419755')]"
                            },
                            "loadBalancingSettings": {
                                "id": "[concat(resourceId('Microsoft.Network/frontdoors', parameters('frontdoors_myLoginViewFrontend_name')), '/loadBalancingSettings/loadBalancingSettings-1597452419755')]"
                            },
                            "resourceState": "Enabled"
                        }
                    }
                ],
                "healthProbeSettings": [
                    {
                        "id": "[concat(resourceId('Microsoft.Network/frontdoors', parameters('frontdoors_myLoginViewFrontend_name')), '/HealthProbeSettings/healthProbeSettings-1597452419755')]",
                        "name": "healthProbeSettings-1597452419755",
                        "properties": {
                            "intervalInSeconds": 30,
                            "path": "/",
                            "protocol": "Https",
                            "resourceState": "Enabled",
                            "enabledState": "Enabled",
                            "healthProbeMethod": "Head"
                        }
                    }
                ],
                "frontendEndpoints": [
                    {
                        "id": "[concat(resourceId('Microsoft.Network/frontdoors', parameters('frontdoors_myLoginViewFrontend_name')), concat('/FrontendEndpoints/', parameters('frontdoors_myLoginViewFrontend_name'), '-azurefd-net'))]",
                        "name": "[concat(parameters('frontdoors_myLoginViewFrontend_name'), '-azurefd-net')]",
                        "properties": {
                            "hostName": "[concat(parameters('frontdoors_myLoginViewFrontend_name'), '.azurefd.net')]",
                            "sessionAffinityEnabledState": "Disabled",
                            "sessionAffinityTtlSeconds": 0,
                            "resourceState": "Enabled"
                        }
                    }
                ],
                "loadBalancingSettings": [
                    {
                        "id": "[concat(resourceId('Microsoft.Network/frontdoors', parameters('frontdoors_myLoginViewFrontend_name')), '/LoadBalancingSettings/loadBalancingSettings-1597452419755')]",
                        "name": "loadBalancingSettings-1597452419755",
                        "properties": {
                            "additionalLatencyMilliseconds": 0,
                            "sampleSize": 4,
                            "successfulSamplesRequired": 2,
                            "resourceState": "Enabled"
                        }
                    }
                ],
                "routingRules": [
                    {
                        "id": "[concat(resourceId('Microsoft.Network/frontdoors', parameters('frontdoors_myLoginViewFrontend_name')), '/RoutingRules/data1')]",
                        "name": "data1",
                        "properties": {
                            "frontendEndpoints": [
                                {
                                    "id": "[concat(resourceId('Microsoft.Network/frontdoors', parameters('frontdoors_myLoginViewFrontend_name')), concat('/frontendEndpoints/', parameters('frontdoors_myLoginViewFrontend_name'), '-azurefd-net'))]"
                                }
                            ],
                            "acceptedProtocols": [
                                "Http",
                                "Https"
                            ],
                            "patternsToMatch": [
                                "/data1"
                            ],
                            "enabledState": "Enabled",
                            "resourceState": "Enabled",
                            "routeConfiguration": {
                                "@odata.type": "#Microsoft.Azure.FrontDoor.Models.FrontdoorRedirectConfiguration",
                                "customHost": "myLoginViewService1.azurewebsites.net",
                                "customPath": "/data1",
                                "redirectProtocol": "HttpsOnly",
                                "redirectType": "Moved"
                            }
                        }
                    },
                    {
                        "id": "[concat(resourceId('Microsoft.Network/frontdoors', parameters('frontdoors_myLoginViewFrontend_name')), '/RoutingRules/data2')]",
                        "name": "data2",
                        "properties": {
                            "frontendEndpoints": [
                                {
                                    "id": "[concat(resourceId('Microsoft.Network/frontdoors', parameters('frontdoors_myLoginViewFrontend_name')), concat('/frontendEndpoints/', parameters('frontdoors_myLoginViewFrontend_name'), '-azurefd-net'))]"
                                }
                            ],
                            "acceptedProtocols": [
                                "Http",
                                "Https"
                            ],
                            "patternsToMatch": [
                                "/data2"
                            ],
                            "enabledState": "Enabled",
                            "resourceState": "Enabled",
                            "routeConfiguration": {
                                "@odata.type": "#Microsoft.Azure.FrontDoor.Models.FrontdoorRedirectConfiguration",
                                "customHost": "myLoginViewService2.azurewebsites.net",
                                "customPath": "/data2",
                                "redirectProtocol": "HttpsOnly",
                                "redirectType": "Moved"
                            }
                        }
                    }
                ],
                "backendPoolsSettings": {
                    "enforceCertificateNameCheck": "Enabled",
                    "sendRecvTimeoutSeconds": 30
                },
                "enabledState": "Enabled",
                "friendlyName": "[parameters('frontdoors_myLoginViewFrontend_name')]"
            }
        }
    ]
}