{
    "$schema": "https://schema.management.azure.com/schemas/2015-01-01/deploymentTemplate.json#",
    "contentVersion": "1.0.0.0",
    "parameters": {
        "sites_myLoginViewFunction_name": {
            "defaultValue": "myLoginViewFunction",
            "type": "String"
        },
        "serverfarms_EastUSPlan_externalid": {
            "defaultValue": "/subscriptions/2eddbc2e-3ba2-4320-af03-bd44e65e375f/resourceGroups/myloginviewfunction2/providers/Microsoft.Web/serverfarms/EastUSPlan",
            "type": "String"
        }
    },
    "variables": {},
    "resources": [
        {
            "type": "Microsoft.Web/sites",
            "apiVersion": "2018-11-01",
            "name": "[parameters('sites_myLoginViewFunction_name')]",
            "location": "East US",
            "kind": "functionapp",
            "properties": {
                "enabled": true,
                "hostNameSslStates": [
                    {
                        "name": "myloginviewfunction.azurewebsites.net",
                        "sslState": "Disabled",
                        "hostType": "Standard"
                    },
                    {
                        "name": "myloginviewfunction.scm.azurewebsites.net",
                        "sslState": "Disabled",
                        "hostType": "Repository"
                    }
                ],
                "serverFarmId": "[parameters('serverfarms_EastUSPlan_externalid')]",
                "reserved": false,
                "isXenon": false,
                "hyperV": false,
                "siteConfig": {},
                "scmSiteAlsoStopped": false,
                "clientAffinityEnabled": false,
                "clientCertEnabled": false,
                "hostNamesDisabled": false,
                "containerSize": 1536,
                "dailyMemoryTimeQuota": 0,
                "httpsOnly": false,
                "redundancyMode": "None"
            }
        },
        {
            "type": "Microsoft.Web/sites/config",
            "apiVersion": "2018-11-01",
            "name": "[concat(parameters('sites_myLoginViewFunction_name'), '/web')]",
            "location": "East US",
            "dependsOn": [
                "[resourceId('Microsoft.Web/sites', parameters('sites_myLoginViewFunction_name'))]"
            ],
            "properties": {
                "numberOfWorkers": -1,
                "defaultDocuments": [
                    "Default.htm",
                    "Default.html",
                    "Default.asp",
                    "index.htm",
                    "index.html",
                    "iisstart.htm",
                    "default.aspx",
                    "index.php"
                ],
                "netFrameworkVersion": "v4.0",
                "phpVersion": "5.6",
                "requestTracingEnabled": false,
                "remoteDebuggingEnabled": false,
                "httpLoggingEnabled": false,
                "logsDirectorySizeLimit": 35,
                "detailedErrorLoggingEnabled": false,
                "publishingUsername": "$myLoginViewFunction",
                "azureStorageAccounts": {},
                "scmType": "None",
                "use32BitWorkerProcess": true,
                "webSocketsEnabled": false,
                "alwaysOn": false,
                "managedPipelineMode": "Integrated",
                "virtualApplications": [
                    {
                        "virtualPath": "/",
                        "physicalPath": "site\\wwwroot",
                        "preloadEnabled": false
                    }
                ],
                "loadBalancing": "LeastRequests",
                "experiments": {
                    "rampUpRules": []
                },
                "autoHealEnabled": false,
                "cors": {
                    "allowedOrigins": [
                        "https://functions.azure.com",
                        "https://functions-staging.azure.com",
                        "https://functions-next.azure.com"
                    ],
                    "supportCredentials": false
                },
                "localMySqlEnabled": false,
                "ipSecurityRestrictions": [
                    {
                        "ipAddress": "Any",
                        "action": "Allow",
                        "priority": 1,
                        "name": "Allow all",
                        "description": "Allow all access"
                    }
                ],
                "scmIpSecurityRestrictions": [
                    {
                        "ipAddress": "Any",
                        "action": "Allow",
                        "priority": 1,
                        "name": "Allow all",
                        "description": "Allow all access"
                    }
                ],
                "scmIpSecurityRestrictionsUseMain": false,
                "http20Enabled": false,
                "minTlsVersion": "1.2",
                "ftpsState": "AllAllowed",
                "reservedInstanceCount": 0
            }
        },
        {
            "type": "Microsoft.Web/sites/deployments",
            "apiVersion": "2018-11-01",
            "name": "[concat(parameters('sites_myLoginViewFunction_name'), '/9b87cf33e3e64f60aac77b79af92b858')]",
            "location": "East US",
            "dependsOn": [
                "[resourceId('Microsoft.Web/sites', parameters('sites_myLoginViewFunction_name'))]"
            ],
            "properties": {
                "status": 4,
                "author_email": "N/A",
                "author": "VS Code",
                "deployer": "ZipDeploy",
                "message": "Created via a push deployment",
                "start_time": "2020-08-16T02:31:14.5620596Z",
                "end_time": "2020-08-16T02:31:23.3168157Z",
                "active": true
            }
        },
        {
            "type": "Microsoft.Web/sites/functions",
            "apiVersion": "2018-11-01",
            "name": "[concat(parameters('sites_myLoginViewFunction_name'), '/HttpLoginView')]",
            "location": "East US",
            "dependsOn": [
                "[resourceId('Microsoft.Web/sites', parameters('sites_myLoginViewFunction_name'))]"
            ],
            "properties": {
                "script_root_path_href": "https://myloginviewfunction.azurewebsites.net/admin/vfs/site/wwwroot/HttpLoginView/",
                "script_href": "https://myloginviewfunction.azurewebsites.net/admin/vfs/site/wwwroot/HttpLoginView/index.js",
                "config_href": "https://myloginviewfunction.azurewebsites.net/admin/vfs/site/wwwroot/HttpLoginView/function.json",
                "href": "https://myloginviewfunction.azurewebsites.net/admin/functions/HttpLoginView",
                "config": {}
            }
        },
        {
            "type": "Microsoft.Web/sites/hostNameBindings",
            "apiVersion": "2018-11-01",
            "name": "[concat(parameters('sites_myLoginViewFunction_name'), '/', parameters('sites_myLoginViewFunction_name'), '.azurewebsites.net')]",
            "location": "East US",
            "dependsOn": [
                "[resourceId('Microsoft.Web/sites', parameters('sites_myLoginViewFunction_name'))]"
            ],
            "properties": {
                "siteName": "myLoginViewFunction",
                "hostNameType": "Verified"
            }
        }
    ]
}