{
    "$schema": "https://schema.management.azure.com/schemas/2015-01-01/deploymentTemplate.json#",
    "contentVersion": "1.0.0.0",
    "parameters": {
        "vaults_MyLoginView_name": {
            "defaultValue": "MyLoginView",
            "type": "String"
        }
    },
    "variables": {},
    "resources": [
        {
            "type": "Microsoft.KeyVault/vaults",
            "apiVersion": "2016-10-01",
            "name": "[parameters('vaults_MyLoginView_name')]",
            "location": "southindia",
            "properties": {
                "sku": {
                    "family": "A",
                    "name": "Standard"
                },
                "tenantId": "aa232db2-7a78-4414-a529-33db9124cba7",
                "accessPolicies": [
                    {
                        "tenantId": "aa232db2-7a78-4414-a529-33db9124cba7",
                        "objectId": "02ed1ae8-8228-4498-bb28-bb63b73509b6",
                        "permissions": {
                            "keys": [
                                "Get",
                                "List",
                                "Update",
                                "Create",
                                "Import",
                                "Delete",
                                "Recover",
                                "Backup",
                                "Restore"
                            ],
                            "secrets": [
                                "Get",
                                "List",
                                "Set",
                                "Delete",
                                "Recover",
                                "Backup",
                                "Restore"
                            ],
                            "certificates": [
                                "Get",
                                "List",
                                "Update",
                                "Create",
                                "Import",
                                "Delete",
                                "Recover",
                                "Backup",
                                "Restore",
                                "ManageContacts",
                                "ManageIssuers",
                                "GetIssuers",
                                "ListIssuers",
                                "SetIssuers",
                                "DeleteIssuers"
                            ]
                        }
                    }
                ],
                "enabledForDeployment": false,
                "enabledForDiskEncryption": false,
                "enabledForTemplateDeployment": false,
                "enableSoftDelete": true
            }
        },
        {
            "type": "Microsoft.KeyVault/vaults/secrets",
            "apiVersion": "2016-10-01",
            "name": "[concat(parameters('vaults_MyLoginView_name'), '/', parameters('vaults_MyLoginView_name'), 'Secret')]",
            "location": "southindia",
            "dependsOn": [
                "[resourceId('Microsoft.KeyVault/vaults', parameters('vaults_MyLoginView_name'))]"
            ],
            "properties": {
                "attributes": {
                    "enabled": true
                }
            }
        }
    ]
}